"","puntajes","puntaje"
"1","1 punto",11.0313477388117
"2","1 punto",12.8055591678713
"3","1 punto",15.569934228668
"4","1 punto",15.5123141936492
"5","1 punto",11.2366199453827
"6","1 punto",14.7891607009806
"7","1 punto",14.392932575196
"8","1 punto",10.0814758124761
"9","1 punto",10.2688314209227
"10","1 punto",14.8807879760861
"11","1 punto",12.2013108003885
"12","1 punto",10.3474525872152
"13","1 punto",13.5814100510906
"14","1 punto",11.7371406331658
"15","1 punto",10.1990010242444
"16","1 punto",14.3538915682584
"17","1 punto",16.7806010958739
"18","1 punto",10.231110814726
"19","1 punto",13.1299690431915
"20","1 punto",15.3735806522891
"21","1 punto",13.9158752756193
"22","1 punto",15.8779708065558
"23","1 punto",12.6629800563678
"24","1 punto",14.427469690796
"25","1 punto",10.7272998907138
"26","1 punto",12.7197357828263
"27","1 punto",13.568192452658
"28","1 punto",15.770048879087
"29","1 punto",13.0326758467127
"30","1 punto",16.5156968629453
"31","1 punto",10.5950250646565
"32","1 punto",10.9312646763865
"33","1 punto",14.9825807546731
"34","1 punto",13.6200277153403
"35","1 punto",13.7845253269188
"36","1 punto",14.6248253944796
"37","1 punto",16.9289713457692
"38","1 punto",11.8584368901793
"39","1 punto",10.2899080435745
"40","1 punto",15.8286858368665
"41","1 punto",10.4271080582403
"42","1 punto",15.2620636832435
"43","1 punto",11.4624097906053
"44","1 punto",10.3247913399246
"45","1 punto",15.653161262162
"46","1 punto",12.0656032704283
"47","1 punto",12.5941565183457
"48","1 punto",11.7296754796989
"49","1 punto",12.1225545974448
"50","1 punto",16.1353979394771
"51","1 punto",13.9548909096047
"52","1 punto",12.8662633008789
"53","1 punto",12.1256090914831
"54","1 punto",15.5707157605793
"55","1 punto",14.1599363307469
"56","1 punto",12.4233709161635
"57","1 punto",14.0664143147878
"58","1 punto",11.4578175665811
"59","1 punto",15.8587591578253
"60","1 punto",13.9177354709245
"61","1 punto",12.1137058504391
"62","1 punto",11.5033689686097
"63","1 punto",12.5765728375409
"64","1 punto",11.0914713286329
"65","1 punto",15.818035628181
"66","1 punto",13.7006994474214
"67","1 punto",16.8280845989939
"68","1 punto",13.6328200935386
"69","1 punto",13.5434064960573
"70","1 punto",14.4485991487745
"71","1 punto",14.8346958700567
"72","1 punto",11.8636661826167
"73","1 punto",15.498239511624
"74","1 punto",13.8658957621083
"75","1 punto",16.5656767431647
"76","1 punto",15.8813098743558
"77","1 punto",14.7573976616841
"78","1 punto",14.5178671209142
"79","1 punto",15.1507363577839
"80","1 punto",12.8140339571983
"81","1 punto",12.5475011907984
"82","1 punto",10.2104711534921
"83","1 punto",10.9361168721225
"84","1 punto",12.3550541542936
"85","1 punto",12.9834659267217
"86","1 punto",14.4561691596173
"87","1 punto",11.5540051474236
"88","1 punto",12.8323535888921
"89","1 punto",14.270793687785
"90","1 punto",14.7525466198567
"91","1 punto",14.6809416110627
"92","1 punto",13.7772320618387
"93","1 punto",10.7805758866016
"94","1 punto",10.3884297143668
"95","1 punto",14.0029329990502
"96","1 punto",13.4386801475193
"97","1 punto",16.4457381754182
"98","1 punto",12.3085063358303
"99","1 punto",11.7450568475761
"100","1 punto",13.8233745503239
"101","1 punto",16.7314744642936
"102","1 punto",14.8242662746925
"103","1 punto",10.454859206453
"104","1 punto",14.0310028281529
"105","1 punto",16.73880062229
"106","1 punto",11.6223104533274
"107","1 punto",14.9052534769289
"108","1 punto",16.7867933853995
"109","1 punto",15.4543509604409
"110","1 punto",16.0512187683489
"111","1 punto",15.4857776614372
"112","1 punto",12.6687387484126
"113","1 punto",12.2439765897579
"114","1 punto",12.05869676359
"115","1 punto",16.8547074315138
"116","1 punto",11.7834770826157
"117","1 punto",12.6031423066743
"118","1 punto",10.6627201109659
"119","1 punto",16.706998812966
"120","1 punto",12.019451635424
"121","1 punto",16.5174692454748
"122","1 punto",16.0271523178089
"123","1 punto",12.7193680738565
"124","1 punto",16.1547343309503
"125","1 punto",13.7748714841437
"126","1 punto",12.6076806180645
"127","1 punto",10.3108946841676
"128","1 punto",11.6034491087776
"129","1 punto",12.7305745251942
"130","1 punto",12.5351719683968
"131","1 punto",11.5604113696609
"132","1 punto",12.6712360512465
"133","1 punto",13.1985919086728
"134","1 punto",11.0956620723009
"135","1 punto",15.371321846731
"136","1 punto",15.2103182869032
"137","1 punto",16.8382931556553
"138","1 punto",13.5828093739692
"139","1 punto",13.2334543808829
"140","1 punto",11.020083226962
"141","1 punto",12.1389240142889
"142","1 punto",16.7713137168903
"143","1 punto",11.0940930075012
"144","1 punto",10.6596932406537
"145","1 punto",13.7916765064001
"146","1 punto",10.0180044369772
"147","1 punto",10.6783270321321
"148","1 punto",14.3428155852016
"149","1 punto",10.9587302859873
"150","1 punto",13.5613410710357
"151","1 punto",15.2804639711976
"152","1 punto",10.9575918246992
"153","1 punto",13.1884256049525
"154","1 punto",14.2001637725625
"155","1 punto",10.0438778351527
"156","1 punto",15.6194729784038
"157","1 punto",12.0729331492912
"158","1 punto",16.9912853736896
"159","1 punto",10.7798399699386
"160","1 punto",11.6943724914454
"161","1 punto",15.2357880517375
"162","1 punto",12.6507587097585
"163","1 punto",11.0899635350797
"164","1 punto",10.3324447141495
"165","1 punto",10.6825746269897
"166","1 punto",13.9098662799224
"167","1 punto",10.1337799124885
"168","1 punto",13.5523641782347
"169","1 punto",16.0231022532098
"170","1 punto",15.4038831822108
"171","1 punto",10.2052244041115
"172","1 punto",13.9907578870188
"173","1 punto",15.3518334929831
"174","1 punto",16.7878437112086
"175","1 punto",14.4727459345013
"176","1 punto",12.4252425152808
"177","1 punto",13.7942842682824
"178","1 punto",15.7706577370409
"179","1 punto",14.3013208305929
"180","1 punto",11.6261546723545
"181","1 punto",14.8901735579129
"182","1 punto",15.6129695100244
"183","1 punto",16.8619142984971
"184","1 punto",13.0692953437101
"185","1 punto",15.1438287508208
"186","1 punto",15.8518859611358
"187","1 punto",12.7791280325036
"188","1 punto",12.6506545385346
"189","1 punto",14.7937829445582
"190","1 punto",10.8866289188154
"191","1 punto",13.0045569601934
"192","1 punto",12.649682310177
"193","1 punto",12.6882995262276
"194","1 punto",14.038220504066
"195","1 punto",11.2142610384617
"196","1 punto",16.0911583392881
"197","1 punto",15.3179225651547
"198","1 punto",12.5676838455256
"199","1 punto",15.1778221358545
"200","1 punto",16.5420661501121
"201","1 punto",16.0720178743359
"202","1 punto",10.4751223316416
"203","1 punto",14.6166501438711
"204","1 punto",16.924927652115
"205","1 punto",13.004187973449
"206","1 punto",11.7950383885764
"207","1 punto",14.7384083978832
"208","1 punto",11.464576712111
"209","1 punto",11.3121056663804
"210","1 punto",15.3565143707674
"211","1 punto",10.8273583983537
"212","1 punto",10.2946861658711
"213","1 punto",12.0201665780041
"214","1 punto",12.1873476824258
"215","1 punto",12.8521564169787
"216","1 punto",11.0952691109851
"217","1 punto",12.0381514262408
"218","1 punto",12.5683441029396
"219","1 punto",13.1765022878535
"220","1 punto",16.1601896965876
"221","1 punto",14.4486339534633
"222","1 punto",14.7733396107797
"223","1 punto",16.4540972788818
"224","1 punto",14.2561619367916
"225","1 punto",11.4333808254451
"226","1 punto",12.93223963934
"227","1 punto",14.9462170000188
"228","1 punto",12.1065877920482
"229","1 punto",13.8094737483189
"230","1 punto",11.1614315612242
"231","1 punto",12.5047906646505
"232","1 punto",13.704438963905
"233","1 punto",12.8030755408108
"234","1 punto",11.5356532877777
"235","1 punto",11.1623014926445
"236","1 punto",13.1481837360188
"237","1 punto",12.7133412007242
"238","1 punto",10.6966510219499
"239","1 punto",11.6516812101472
"240","1 punto",12.0992146302015
"241","1 punto",14.3956780612934
"242","1 punto",13.7979717073031
"243","1 punto",14.2003701233771
"244","1 punto",13.1011206337716
"245","1 punto",16.210454235319
"246","1 punto",12.8739369011018
"247","1 punto",11.8802336447407
"248","1 punto",13.1848242690321
"249","1 punto",12.7962360845413
"250","1 punto",16.0918073526118
"251","1 punto",14.3926735601854
"252","1 punto",11.0655630149413
"253","1 punto",10.5259101467673
"254","1 punto",10.2208092331421
"255","1 punto",11.2549733028281
"256","1 punto",10.482748147333
"257","1 punto",14.3462032149546
"258","1 punto",11.9046205885243
"259","1 punto",10.9558503190055
"260","1 punto",15.0110695830081
"261","1 punto",13.7275117393583
"262","1 punto",10.7632611757144
"263","1 punto",11.1767443676945
"264","1 punto",14.6848022863269
"265","1 punto",11.2058811727911
"266","1 punto",16.9029603374656
"267","1 punto",10.3406581985764
"268","1 punto",12.2225332995877
"269","1 punto",14.3982193577103
"270","1 punto",13.0754286095034
"271","1 punto",16.1067925288808
"272","1 punto",15.127765701618
"273","1 punto",10.5863704970106
"274","1 punto",16.8804400446825
"275","1 punto",15.9981543973554
"276","1 punto",15.6026222659275
"277","1 punto",13.2571574838366
"278","1 punto",14.2662237449549
"279","1 punto",11.5366929105949
"280","1 punto",16.4796636998653
"281","1 punto",12.6017488332
"282","1 punto",15.1840504654683
"283","1 punto",16.7729695888702
"284","1 punto",16.3482561078854
"285","1 punto",10.0934388057794
"286","1 punto",15.1865830863826
"287","1 punto",15.4524091049097
"288","1 punto",13.4969645193778
"289","1 punto",14.9352574248333
"290","1 punto",12.2294278761838
"291","1 punto",10.9784317493904
"292","1 punto",13.2366531526204
"293","1 punto",16.902392316144
"294","1 punto",14.6805327329785
"295","1 punto",14.5671473331749
"296","1 punto",11.1272257249802
"297","1 punto",10.4034379948862
"298","1 punto",10.0946621152107
"299","1 punto",15.3710688033607
"300","1 punto",13.4582450601738
"301","1 punto",10.8846951879095
"302","1 punto",13.7962466056924
"303","1 punto",12.3607288668863
"304","1 punto",16.4914828441106
"305","1 punto",16.2502306960523
"306","1 punto",16.2824531849474
"307","1 punto",15.1118657789193
"308","1 punto",16.3514813135844
"309","1 punto",10.4653193331324
"310","1 punto",13.3442204829771
"311","1 punto",15.1292944920715
"312","1 punto",13.3992800924461
"313","1 punto",13.579134152038
"314","1 punto",11.3206204758026
"315","1 punto",12.6626036784146
"316","1 punto",12.374432876939
"317","1 punto",14.5335202163551
"318","1 punto",11.0559891585726
"319","1 punto",10.6994859066326
"320","1 punto",15.9564945311286
"321","1 punto",13.8596100874711
"322","1 punto",10.5962453344837
"323","1 punto",13.4763180667069
"324","1 punto",12.1045254133642
"325","1 punto",13.7585852709599
"326","1 punto",10.7096204697154
"327","1 punto",16.2651611398906
"328","1 punto",12.110541702481
"329","1 punto",10.3441932043061
"330","1 punto",12.2591824347619
"331","1 punto",10.8085018177517
"332","1 punto",12.9079105507117
"333","1 punto",13.7034621362109
"334","1 punto",16.4647109992802
"335","1 punto",16.6493214915972
"336","1 punto",16.1535038715228
"337","1 punto",16.7152464354876
"338","1 punto",16.5077239521779
"339","1 punto",15.6198317038361
"340","1 punto",12.5404041814618
"341","1 punto",13.2227237327024
"342","1 punto",14.2179565276019
"343","1 punto",15.6855986812152
"344","1 punto",12.1950651425868
"345","1 punto",10.4677270369139
"346","1 punto",13.024805808207
"347","1 punto",12.4916247932706
"348","1 punto",10.662833198905
"349","1 punto",11.7770629948936
"350","1 punto",10.5828763849568
"351","1 punto",12.1188238901086
"352","1 punto",11.7478587953374
"353","1 punto",12.469127076678
"354","1 punto",11.8243740473408
"355","1 punto",13.0334759242833
"356","1 punto",16.2381190799642
"357","1 punto",10.2577406130731
"358","1 punto",14.9926397399977
"359","1 punto",14.5202482098248
"360","1 punto",14.0643861377612
"361","1 punto",10.5140400039963
"362","1 punto",11.7798917922191
"363","1 punto",13.1538587729447
"364","1 punto",10.8120925126132
"365","1 punto",13.0785897031892
"366","1 punto",14.7811616577674
"367","1 punto",14.2989441715181
"368","1 punto",12.1001934430096
"369","1 punto",10.3999401342589
"370","1 punto",14.7572276003193
"371","1 punto",10.4798148707487
"372","1 punto",12.7132480633445
"373","1 punto",16.043847813271
"374","1 punto",15.0484914539848
"375","1 punto",14.235359471757
"376","1 punto",13.5793426753953
"377","1 punto",10.8949053026736
"378","1 punto",12.8167949183844
"379","1 punto",15.100739876274
"380","1 punto",15.8791490125004
"381","1 punto",11.879327042494
"382","1 punto",15.2080271230079
"383","1 punto",13.8058958523907
"384","1 punto",10.8319609782193
"385","1 punto",16.8290094453841
"386","1 punto",13.920892956201
"387","1 punto",14.8993572595064
"388","1 punto",12.5244228006341
"389","1 punto",11.3652921055909
"390","1 punto",14.7374319711234
"391","1 punto",15.220671453746
"392","1 punto",15.255831616465
"393","1 punto",13.6009985455312
"394","1 punto",13.4240187013056
"395","1 punto",16.4865107510705
"396","1 punto",11.2220627355855
"397","1 punto",11.8428306144197
"398","1 punto",14.0483985408209
"399","1 punto",11.3734371198807
"400","1 punto",11.0394998802803
"401","1 punto",11.5757605715189
"402","1 punto",14.6457855065819
"403","1 punto",12.4110722544137
"404","1 punto",15.3889369470999
"405","1 punto",16.4014441377949
"406","1 punto",13.8897758645471
"407","1 punto",14.2553922699299
"408","1 punto",11.0237236816902
"409","1 punto",13.2084089154378
"410","1 punto",15.2565700740088
"411","1 punto",16.4072298130486
"412","1 punto",12.8891408001073
"413","1 punto",16.6492533783894
"414","1 punto",13.7460472807288
"415","1 punto",10.9540758258663
"416","1 punto",14.9228085153736
"417","1 punto",10.90768328798
"418","1 punto",10.6706812740304
"419","1 punto",10.9714497674722
"420","1 punto",15.0228485751431
"421","1 punto",15.2808547860477
"422","1 punto",12.156970117474
"423","1 punto",13.9719320789445
"424","1 punto",10.1276125737932
"425","1 punto",14.3460809576791
"426","1 punto",12.5842545623891
"427","1 punto",16.4407517204527
"428","1 punto",15.7469085755292
"429","1 punto",14.7354783043265
"430","1 punto",10.9062218104955
"431","1 punto",13.7074102396145
"432","1 punto",11.0732339960523
"433","1 punto",12.8510196930729
"434","1 punto",12.7143681794405
"435","1 punto",16.3838207221124
"436","1 punto",14.2214255046565
"437","1 punto",12.9982813007664
"438","1 punto",12.0656908273231
"439","1 punto",15.5054302630015
"440","1 punto",11.655595212942
"441","1 punto",13.5433744115289
"442","1 punto",15.9073920077644
"443","1 punto",12.6442414645571
"444","1 punto",15.821953573497
"445","1 punto",16.9451344672125
"446","1 punto",10.0032189944759
"447","1 punto",15.7688609643374
"448","1 punto",14.0038213278167
"449","1 punto",15.8962353912648
"450","1 punto",10.2552105786745
"451","1 punto",10.0599751381669
"452","1 punto",14.9287488730624
"453","1 punto",16.6602926661726
"454","1 punto",13.4678397781681
"455","1 punto",16.6724229387473
"456","1 punto",11.8935380927287
"457","1 punto",10.6329867742024
"458","1 punto",11.4311119851191
"459","1 punto",14.4078034721315
"460","1 punto",11.8866443815641
"461","1 punto",12.2663182760589
"462","1 punto",16.1335519317072
"463","1 punto",11.1771217153873
"464","1 punto",12.6597801193129
"465","1 punto",16.3366077127866
"466","1 punto",15.0778048445936
"467","1 punto",14.5316799113061
"468","1 punto",12.1268322037067
"469","1 punto",10.9436615295708
"470","1 punto",16.9986064059194
"471","1 punto",10.3263845373876
"472","1 punto",12.6552002232056
"473","1 punto",15.8360852338374
"474","1 punto",11.5382625507191
"475","1 punto",14.521055732388
"476","1 punto",15.1253957296722
"477","1 punto",10.9820204298012
"478","1 punto",11.4680465252604
"479","1 punto",11.1914718865883
"480","1 punto",12.3834889526479
"481","1 punto",15.9630636256188
"482","1 punto",15.620338333305
"483","1 punto",10.4505721635651
"484","1 punto",11.9046193743125
"485","1 punto",16.0181121637579
"486","1 punto",15.596016446827
"487","1 punto",15.1283522376325
"488","1 punto",13.8337815352716
"489","1 punto",11.9082106102724
"490","1 punto",16.454236707883
"491","1 punto",12.8949492422398
"492","1 punto",14.2020296428818
"493","1 punto",11.0207542541903
"494","1 punto",16.5502012551297
"495","1 punto",10.7425063240808
"496","1 punto",15.5660976779182
"497","1 punto",13.8483879361302
"498","1 punto",16.1373136364855
"499","1 punto",13.4570900204126
"500","1 punto",10.0054790060967
"501","1 punto",10.1239908228163
"502","1 punto",10.614552635001
"503","1 punto",12.2956569157541
"504","1 punto",13.4543055931572
"505","1 punto",14.5459554092959
"506","1 punto",12.1391909534577
"507","1 punto",10.1264189302456
"508","1 punto",12.5296070580371
"509","1 punto",12.263749970356
"510","1 punto",13.5546050411649
"511","1 punto",14.5575850713067
"512","1 punto",16.2906922851689
"513","1 punto",14.3779518075753
"514","1 punto",14.2204947778955
"515","1 punto",13.3938340363093
"516","1 punto",16.1337682846934
"517","1 punto",16.9751431269106
"518","1 punto",10.0896902307868
"519","1 punto",15.8974871784449
"520","1 punto",14.0469267123844
"521","1 punto",12.7131284365896
"522","1 punto",14.0172747082543
"523","1 punto",14.8816958023235
"524","1 punto",13.2692118233535
"525","1 punto",10.3158320442308
"526","1 punto",11.2577998640481
"527","1 punto",16.4713570210151
"528","1 punto",15.8400598885491
"529","1 punto",16.0486788100097
"530","1 punto",12.7367737446912
"531","1 punto",12.1728480393067
"532","1 punto",16.4661635861266
"533","1 punto",12.1125528332777
"534","1 punto",11.4108936015982
"535","1 punto",10.0037506090011
"536","1 punto",15.0931657338515
"537","1 punto",11.8871545738075
"538","1 punto",10.2760484090541
"539","1 punto",11.2988837098237
"540","1 punto",15.4179470976815
"541","1 punto",14.4497209028341
"542","1 punto",12.2891393820755
"543","1 punto",11.535617190646
"544","1 punto",16.2359668072313
"545","1 punto",15.6487947299611
"546","1 punto",11.4847360833082
"547","1 punto",11.3380650731269
"548","1 punto",11.2376264650375
"549","1 punto",15.9855818566866
"550","1 punto",14.4710438800976
"551","1 punto",12.6012093042955
"552","1 punto",12.5646303945687
"553","1 punto",13.482439464191
"554","1 punto",15.8967040460557
"555","1 punto",16.8270409391262
"556","1 punto",16.8896717834286
"557","1 punto",12.0669113644399
"558","1 punto",10.794291285798
"559","1 punto",15.4414764950052
"560","1 punto",12.715631499188
"561","1 punto",12.657534588594
"562","1 punto",14.2224516309798
"563","1 punto",11.7808562300634
"564","1 punto",11.439674989786
"565","1 punto",13.0020626285113
"566","1 punto",16.4350706466939
"567","1 punto",10.631225989433
"568","1 punto",11.942757710116
"569","1 punto",13.070017633494
"570","1 punto",16.8272774186917
"571","1 punto",11.5694701394532
"572","1 punto",10.0976946572773
"573","1 punto",16.1443147247192
"574","1 punto",14.5639679594897
"575","1 punto",11.6065474725328
"576","1 punto",15.9642254405189
"577","1 punto",10.9257600365672
"578","1 punto",15.1219550592359
"579","1 punto",11.8455890493933
"580","1 punto",12.2889241520315
"581","1 punto",15.6228253878653
"582","1 punto",12.7789661202114
"583","1 punto",15.7244596881792
"584","1 punto",14.2487706921529
"585","1 punto",12.0420684344135
"586","1 punto",10.2590726392809
"587","1 punto",16.7569290278479
"588","1 punto",12.3135587298311
"589","1 punto",14.3986393527593
"590","1 punto",14.7049401733093
"591","1 punto",11.4143652727362
"592","1 punto",16.3317483100109
"593","1 punto",15.6808664121199
"594","1 punto",12.1289189856034
"595","1 punto",10.8959235928487
"596","1 punto",16.5287883039564
"597","1 punto",10.2750133138616
"598","1 punto",10.3841046984307
"599","1 punto",10.9240583439823
"600","1 punto",10.839885807829
"601","1 punto",12.608717374038
"602","2 puntos",21.0108644026332
"603","2 puntos",21.2401893807109
"604","2 puntos",19.5434489871841
"605","2 puntos",20.8778293756768
"606","2 puntos",20.3452877076343
"607","2 puntos",24.496568655828
"608","2 puntos",18.2127335967962
"609","2 puntos",20.7701126483735
"610","2 puntos",22.4929175570142
"611","2 puntos",21.0642207695637
"612","2 puntos",21.2794050353114
"613","2 puntos",22.177404723363
"614","2 puntos",18.0913150303531
"615","2 puntos",21.564635615563
"616","2 puntos",20.0148823852651
"617","2 puntos",24.6315225677099
"618","2 puntos",20.4959572933149
"619","2 puntos",20.1338406179566
"620","2 puntos",21.8670689302962
"621","2 puntos",19.0268743918277
"622","2 puntos",20.899867606815
"623","2 puntos",23.7160013713874
"624","2 puntos",23.6656172873918
"625","2 puntos",19.6795897267293
"626","2 puntos",20.2358636453282
"627","2 puntos",22.1837553151418
"628","2 puntos",24.0442127075512
"629","2 puntos",23.4204098614864
"630","2 puntos",22.5603373243939
"631","2 puntos",23.1706027453765
"632","2 puntos",23.5539920204319
"633","2 puntos",23.4694538419135
"634","2 puntos",19.0418181577697
"635","2 puntos",23.647913681576
"636","2 puntos",21.4711302595679
"637","2 puntos",19.4403835842386
"638","2 puntos",20.4513099037576
"639","2 puntos",22.3797835886944
"640","2 puntos",21.1157864837442
"641","2 puntos",20.7578198066913
"642","2 puntos",20.2855777582154
"643","2 puntos",22.3054885286838
"644","2 puntos",18.9641314195469
"645","2 puntos",24.52332686726
"646","2 puntos",23.1279144857544
"647","2 puntos",23.6111217436846
"648","2 puntos",18.914116574917
"649","2 puntos",20.1826769763138
"650","2 puntos",21.9412520611659
"651","2 puntos",24.3579515337478
"652","2 puntos",24.3093293183483
"653","2 puntos",24.8664590965491
"654","2 puntos",19.2083301451057
"655","2 puntos",18.2513534140307
"656","2 puntos",24.3355620563962
"657","2 puntos",22.5012933318503
"658","2 puntos",19.2495270934887
"659","2 puntos",21.9043983647134
"660","2 puntos",19.0921512057539
"661","2 puntos",23.717550246045
"662","2 puntos",20.0226959669963
"663","2 puntos",23.1470588997472
"664","2 puntos",22.7901522296015
"665","2 puntos",24.7873235673178
"666","2 puntos",23.7721946407109
"667","2 puntos",24.0776372889522
"668","2 puntos",24.1317801261321
"669","2 puntos",23.6474253321066
"670","2 puntos",21.5749602443539
"671","2 puntos",18.7107533814851
"672","2 puntos",23.6596326003782
"673","2 puntos",19.8530012925621
"674","2 puntos",21.4724097177386
"675","2 puntos",21.7860603497829
"676","2 puntos",21.9993037949316
"677","2 puntos",18.1142529891804
"678","2 puntos",24.7788612949662
"679","2 puntos",19.0590416952036
"680","2 puntos",22.7389361872338
"681","2 puntos",21.8111917651258
"682","2 puntos",18.8056208516937
"683","2 puntos",22.0631778812967
"684","2 puntos",21.3898551261518
"685","2 puntos",21.3658217445482
"686","2 puntos",24.7341582048684
"687","2 puntos",20.7837829750497
"688","2 puntos",21.2266679913737
"689","2 puntos",24.1887400047854
"690","2 puntos",21.9527927287854
"691","2 puntos",24.9473676211201
"692","2 puntos",18.4599666197319
"693","2 puntos",21.9371098598931
"694","2 puntos",22.279537031427
"695","2 puntos",19.2364387572743
"696","2 puntos",23.958016960416
"697","2 puntos",19.0450518645812
"698","2 puntos",20.2498230293859
"699","2 puntos",21.6276614959352
"700","2 puntos",22.3347152473871
"701","2 puntos",21.5855164877139
"702","2 puntos",24.9908416061662
"703","2 puntos",19.7437720093876
"704","2 puntos",22.6775387881789
"705","2 puntos",22.9267649292015
"706","2 puntos",21.9860672075301
"707","2 puntos",20.5518422441091
"708","2 puntos",20.8300213161856
"709","2 puntos",18.0288528751116
"710","2 puntos",20.9285819036886
"711","2 puntos",23.3977663400583
"712","2 puntos",18.2958716049325
"713","2 puntos",18.0770917483605
"714","2 puntos",22.8884530328214
"715","2 puntos",19.1007265334483
"716","2 puntos",24.0518235680647
"717","2 puntos",21.4756714997347
"718","2 puntos",19.5204216053244
"719","2 puntos",18.0070138219744
"720","2 puntos",19.9963359616231
"721","2 puntos",18.3667946178466
"722","2 puntos",19.958534454694
"723","2 puntos",22.5565083473921
"724","2 puntos",23.7162878226954
"725","2 puntos",18.0640514802653
"726","2 puntos",20.1837763383519
"727","2 puntos",21.7994151280727
"728","2 puntos",20.6894468422979
"729","2 puntos",19.9788038106635
"730","2 puntos",21.404743993422
"731","2 puntos",21.7880941773765
"732","2 puntos",20.5491896541789
"733","2 puntos",23.9763550905045
"734","2 puntos",24.8810849394649
"735","2 puntos",19.6169294887222
"736","2 puntos",23.0998385676648
"737","2 puntos",20.2217477844097
"738","2 puntos",23.722128106514
"739","2 puntos",24.9528386769816
"740","2 puntos",21.9677841488738
"741","2 puntos",20.6317401304841
"742","2 puntos",18.1159266505856
"743","2 puntos",21.6097420570441
"744","2 puntos",18.3704507448711
"745","2 puntos",20.2749488870613
"746","2 puntos",22.2641829319764
"747","2 puntos",22.4847588278353
"748","2 puntos",24.3408042308874
"749","2 puntos",23.6535626724362
"750","2 puntos",23.9429128207266
"751","2 puntos",21.4718078386504
"752","2 puntos",19.7624572296627
"753","2 puntos",20.5962807110045
"754","2 puntos",21.0273789316416
"755","2 puntos",22.7544022533111
"756","2 puntos",18.6699422460515
"757","2 puntos",24.0310429490637
"758","2 puntos",22.2475428062025
"759","2 puntos",19.9576841217931
"760","2 puntos",18.0126464804634
"761","2 puntos",21.9538282786962
"762","2 puntos",22.6262570479885
"763","2 puntos",23.9235276472755
"764","2 puntos",24.8008296086919
"765","2 puntos",22.6448481106199
"766","2 puntos",24.987755850656
"767","2 puntos",21.8018945713993
"768","2 puntos",20.0955497315153
"769","2 puntos",21.2734013788868
"770","2 puntos",22.8858777449932
"771","2 puntos",19.6938764916267
"772","2 puntos",21.2832566357683
"773","2 puntos",21.4164777614642
"774","2 puntos",18.6715812135953
"775","2 puntos",22.5449168279301
"776","2 puntos",18.5690639482345
"777","2 puntos",19.7405503469054
"778","2 puntos",22.6360146789812
"779","2 puntos",19.0464576724917
"780","2 puntos",20.3983588228002
"781","2 puntos",22.0238888931926
"782","2 puntos",24.6647271942347
"783","2 puntos",19.7389522958547
"784","2 puntos",18.129998291377
"785","2 puntos",19.7888534103986
"786","2 puntos",22.7102610662114
"787","2 puntos",20.0805739967618
"788","2 puntos",19.0192329951096
"789","2 puntos",21.2347271128092
"790","2 puntos",18.7154784647282
"791","2 puntos",22.5617774953134
"792","2 puntos",19.3852701061405
"793","2 puntos",18.4841101979837
"794","2 puntos",18.0472810426727
"795","2 puntos",18.1790596407373
"796","2 puntos",18.9661244333256
"797","2 puntos",20.7305876256432
"798","2 puntos",21.7486485119443
"799","2 puntos",20.909504809184
"800","2 puntos",20.0718958245125
"801","2 puntos",21.987875460647
"802","2 puntos",18.9116265883204
"803","2 puntos",19.8558025101665
"804","2 puntos",20.7888321876526
"805","2 puntos",21.5295425294898
"806","2 puntos",19.8245499841869
"807","2 puntos",21.0296420236118
"808","2 puntos",21.4539541481063
"809","2 puntos",24.1047276076861
"810","2 puntos",19.1263568953145
"811","2 puntos",19.1297352155671
"812","2 puntos",21.1860860844608
"813","2 puntos",18.2993015723769
"814","2 puntos",21.2799144827295
"815","2 puntos",20.4381838242989
"816","2 puntos",20.4724960629828
"817","2 puntos",21.8660877526272
"818","2 puntos",20.8379898704588
"819","2 puntos",20.2331420327537
"820","2 puntos",22.2350492235273
"821","2 puntos",20.3325032910798
"822","2 puntos",24.483038794715
"823","2 puntos",20.7490208016243
"824","2 puntos",21.5525461079087
"825","2 puntos",21.9469296503812
"826","2 puntos",24.0589608517475
"827","2 puntos",20.3547296288889
"828","2 puntos",22.3691086508334
"829","2 puntos",22.2405053991824
"830","2 puntos",22.5451740599237
"831","2 puntos",22.9333042632788
"832","2 puntos",20.974199767923
"833","2 puntos",19.7919520251453
"834","2 puntos",18.1901846486144
"835","2 puntos",18.9825575791765
"836","2 puntos",23.2284811695572
"837","2 puntos",24.3352685789578
"838","2 puntos",19.8812237293459
"839","2 puntos",18.5058731061872
"840","2 puntos",22.5752281490713
"841","2 puntos",21.3075406518765
"842","2 puntos",21.5388170117512
"843","2 puntos",18.0016828405205
"844","2 puntos",20.7001656743232
"845","2 puntos",20.9729327664245
"846","2 puntos",23.2477585829329
"847","2 puntos",20.3168938420713
"848","2 puntos",22.9948892670218
"849","2 puntos",22.7539690437261
"850","2 puntos",24.1397952572443
"851","2 puntos",18.3873688615859
"852","2 puntos",22.0214245223906
"853","2 puntos",21.5671384206507
"854","2 puntos",21.3824581787921
"855","2 puntos",22.2244129660539
"856","2 puntos",19.0253563891165
"857","2 puntos",18.4162879071664
"858","2 puntos",20.4972770486493
"859","2 puntos",18.1481018096674
"860","2 puntos",19.8735899373423
"861","2 puntos",23.2170000895858
"862","2 puntos",23.5564949281979
"863","2 puntos",21.4491356161889
"864","2 puntos",19.3327108456288
"865","2 puntos",20.5221410505474
"866","2 puntos",24.8925547183026
"867","2 puntos",18.7661740600597
"868","2 puntos",24.090035675792
"869","2 puntos",22.3459756032098
"870","2 puntos",20.6208043913357
"871","2 puntos",22.8624226411339
"872","2 puntos",20.2062802580185
"873","2 puntos",24.3259729465935
"874","2 puntos",23.4253956710454
"875","2 puntos",24.5901634772308
"876","2 puntos",18.8002289803699
"877","2 puntos",22.1818114549387
"878","2 puntos",23.6569078764878
"879","2 puntos",21.5018578451127
"880","2 puntos",20.7298812721856
"881","2 puntos",21.7884759907611
"882","2 puntos",19.7153233543504
"883","2 puntos",20.5351039220113
"884","2 puntos",22.1440194270108
"885","2 puntos",19.4162459352519
"886","2 puntos",22.2585165852215
"887","2 puntos",24.7522614297923
"888","2 puntos",21.2547595915385
"889","2 puntos",19.1006645809393
"890","2 puntos",22.5093819545582
"891","2 puntos",20.1208533889148
"892","2 puntos",18.9215420358814
"893","2 puntos",24.5546997273341
"894","2 puntos",21.3665296544787
"895","2 puntos",23.4306305374485
"896","2 puntos",22.0922267008573
"897","2 puntos",23.1799999200739
"898","2 puntos",21.6137861174066
"899","2 puntos",20.6316443022806
"900","2 puntos",21.530418357579
"901","2 puntos",19.3288887317758
"902","2 puntos",20.8601065771654
"903","2 puntos",23.8711288468912
"904","2 puntos",24.5071754283272
"905","2 puntos",22.1779521796852
"906","2 puntos",19.0348962768912
"907","2 puntos",23.2361593593378
"908","2 puntos",23.0754446547944
"909","2 puntos",18.1029388462193
"910","2 puntos",20.8828058431391
"911","2 puntos",18.7362010639627
"912","2 puntos",19.4413255990949
"913","2 puntos",20.999828426633
"914","2 puntos",19.5766899439041
"915","2 puntos",23.4273122481536
"916","2 puntos",23.0160133172758
"917","2 puntos",21.2764757941477
"918","2 puntos",22.173186021857
"919","2 puntos",22.642878848128
"920","2 puntos",22.0413410365582
"921","2 puntos",24.9255455262028
"922","2 puntos",20.3092707106844
"923","2 puntos",18.7424037973396
"924","2 puntos",23.5158851970918
"925","2 puntos",18.5451642423868
"926","2 puntos",18.5092588388361
"927","2 puntos",19.6818633570801
"928","2 puntos",22.3749356337357
"929","2 puntos",21.3675339738838
"930","2 puntos",22.5363653607201
"931","2 puntos",22.3494725087658
"932","2 puntos",24.2079735908192
"933","2 puntos",23.6424401891418
"934","2 puntos",18.107960418798
"935","2 puntos",24.3864714393858
"936","2 puntos",19.2939544059336
"937","2 puntos",24.6828759072814
"938","2 puntos",18.9454242358916
"939","2 puntos",19.3797480680514
"940","2 puntos",19.4548563663848
"941","2 puntos",19.4799759557936
"942","2 puntos",20.3462593036238
"943","2 puntos",18.2900842966046
"944","2 puntos",21.9273743813392
"945","2 puntos",18.179294870235
"946","2 puntos",20.4284541690722
"947","2 puntos",21.8144069083501
"948","2 puntos",24.097119695507
"949","2 puntos",20.5557925086468
"950","2 puntos",19.3308328413405
"951","2 puntos",23.8900816550013
"952","2 puntos",22.9441141334828
"953","2 puntos",21.0535816615447
"954","2 puntos",21.0215038072783
"955","2 puntos",18.2017452309374
"956","2 puntos",24.242189145647
"957","2 puntos",18.9520502092782
"958","2 puntos",20.8667732405011
"959","2 puntos",21.4293700929265
"960","2 puntos",20.0208405714948
"961","2 puntos",24.0116995102726
"962","2 puntos",24.9225835958496
"963","2 puntos",18.1573513248004
"964","2 puntos",22.8584894863889
"965","2 puntos",23.7617725392338
"966","2 puntos",24.7809593013953
"967","2 puntos",19.437722325325
"968","2 puntos",20.1619418747723
"969","2 puntos",23.6980209073517
"970","2 puntos",23.5497970946599
"971","2 puntos",24.6848869745154
"972","2 puntos",19.5434409733862
"973","2 puntos",20.1227816534229
"974","2 puntos",22.5446814305615
"975","2 puntos",20.2223197433632
"976","2 puntos",20.2918120610993
"977","2 puntos",19.8689700081013
"978","2 puntos",19.8731083238963
"979","2 puntos",22.8131162622012
"980","2 puntos",24.5233588458505
"981","2 puntos",22.564712079009
"982","2 puntos",24.6290223018732
"983","2 puntos",23.8381217946298
"984","2 puntos",24.5527772649657
"985","2 puntos",18.9606892431621
"986","2 puntos",18.3336740946397
"987","2 puntos",23.4590398129076
"988","2 puntos",22.3797954423353
"989","2 puntos",19.5673039334361
"990","2 puntos",21.4341420398559
"991","2 puntos",23.6172824066598
"992","2 puntos",23.6464092584793
"993","2 puntos",19.5960011987481
"994","2 puntos",20.8674575001933
"995","2 puntos",18.6255070762709
"996","2 puntos",22.0759033181239
"997","2 puntos",20.5662369092461
"998","2 puntos",19.086172250798
"999","2 puntos",20.2765718253795
"1000","2 puntos",24.6514588710852
"1001","2 puntos",21.108246763004
"1002","2 puntos",24.6272392293904
"1003","2 puntos",23.3639292558655
"1004","2 puntos",18.767117585754
"1005","2 puntos",21.4986629001796
"1006","2 puntos",21.2075603785925
"1007","2 puntos",21.6323214566801
"1008","2 puntos",21.6890870630741
"1009","2 puntos",22.4214245001785
"1010","2 puntos",23.9401862404775
"1011","2 puntos",20.4167030337267
"1012","2 puntos",20.5248326321598
"1013","2 puntos",19.5664807662833
"1014","2 puntos",24.0607435249258
"1015","2 puntos",24.6463266341016
"1016","2 puntos",23.3307238942944
"1017","2 puntos",24.5626200130209
"1018","2 puntos",21.9237085715868
"1019","2 puntos",24.5830128681846
"1020","2 puntos",24.522741566645
"1021","2 puntos",21.3671899884939
"1022","2 puntos",19.1474849516526
"1023","2 puntos",18.4652188045438
"1024","2 puntos",22.4560392145067
"1025","2 puntos",22.7107646006625
"1026","2 puntos",24.7618673869874
"1027","2 puntos",21.4719241976272
"1028","2 puntos",24.1555475268979
"1029","2 puntos",22.2110190102831
"1030","2 puntos",20.1841486042831
"1031","2 puntos",24.8016730360687
"1032","2 puntos",20.4099772358313
"1033","2 puntos",24.5206081883516
"1034","2 puntos",24.2412820300087
"1035","2 puntos",21.2165550168138
"1036","2 puntos",24.0834986218251
"1037","2 puntos",23.9070549360476
"1038","2 puntos",20.7901866205502
"1039","2 puntos",20.6930081255268
"1040","2 puntos",20.1706321157981
"1041","2 puntos",24.1151321104262
"1042","2 puntos",22.5385894756764
"1043","2 puntos",21.9456488671713
"1044","2 puntos",18.329103436321
"1045","2 puntos",19.5561679226812
"1046","2 puntos",23.8703119968995
"1047","2 puntos",18.605700429529
"1048","2 puntos",20.3068250566721
"1049","2 puntos",20.0108600177336
"1050","2 puntos",19.6817756404635
"1051","2 puntos",23.6806479908992
"1052","2 puntos",18.0945067841094
"1053","2 puntos",24.9269122935366
"1054","2 puntos",20.8020364362746
"1055","2 puntos",19.6669662641361
"1056","2 puntos",19.8376899203286
"1057","2 puntos",18.3568306458183
"1058","2 puntos",23.530638799537
"1059","2 puntos",24.931756920414
"1060","2 puntos",19.1365543219727
"1061","2 puntos",22.3505350451451
"1062","2 puntos",23.3854999975301
"1063","2 puntos",19.8621717633214
"1064","2 puntos",20.5813449718989
"1065","2 puntos",20.285402439069
"1066","2 puntos",21.3246814240701
"1067","2 puntos",21.7297278828919
"1068","2 puntos",23.177072183229
"1069","2 puntos",21.4121148034465
"1070","2 puntos",19.5148199507967
"1071","2 puntos",21.2153369651642
"1072","2 puntos",20.4036736218259
"1073","2 puntos",19.7539669799153
"1074","2 puntos",20.2429580779281
"1075","2 puntos",20.2953463888261
"1076","2 puntos",20.6296755238436
"1077","2 puntos",20.6151170900557
"1078","2 puntos",20.0276267034933
"1079","2 puntos",20.2380424432922
"1080","2 puntos",18.7444524024613
"1081","2 puntos",20.2669951575808
"1082","2 puntos",20.3372905859724
"1083","2 puntos",24.1389618418179
"1084","2 puntos",23.0386518514715
"1085","2 puntos",23.0953866543714
"1086","2 puntos",19.3421798706986
"1087","2 puntos",23.2734500579536
"1088","2 puntos",22.7986652152613
"1089","2 puntos",21.087262669811
"1090","2 puntos",18.3934707876761
"1091","2 puntos",22.1419557754416
"1092","2 puntos",22.6790241228882
"1093","2 puntos",23.8470677209552
"1094","2 puntos",21.4396596627776
"1095","2 puntos",23.0488466296811
"1096","2 puntos",22.8395090219565
"1097","2 puntos",24.3626956059597
"1098","2 puntos",21.5154815248679
"1099","2 puntos",22.8229966606013
"1100","2 puntos",23.5601906401571
"1101","2 puntos",20.3848317845259
"1102","2 puntos",23.2585712922737
"1103","2 puntos",23.2771748702507
"1104","2 puntos",18.4132666972
"1105","2 puntos",23.1345074423589
"1106","2 puntos",19.0324363065884
"1107","2 puntos",24.1642378037795
"1108","2 puntos",18.7151204270776
"1109","2 puntos",20.2706389762461
"1110","2 puntos",21.6062692368869
"1111","2 puntos",24.3969597928226
"1112","2 puntos",19.2716559912078
"1113","2 puntos",20.4404394419398
"1114","2 puntos",23.862949736882
"1115","2 puntos",19.4408540138975
"1116","2 puntos",24.742334069917
"1117","2 puntos",18.3785281006712
"1118","2 puntos",23.4736263463274
"1119","2 puntos",18.960757214576
"1120","2 puntos",19.4665095254313
"1121","2 puntos",21.437624684535
"1122","2 puntos",18.919778123498
"1123","2 puntos",18.8524020400364
"1124","2 puntos",21.9392802610528
"1125","2 puntos",22.6001320341602
"1126","2 puntos",24.6268167814706
"1127","2 puntos",22.8438376251142
"1128","2 puntos",21.6114838446956
"1129","2 puntos",18.144492583815
"1130","2 puntos",22.0954306717031
"1131","2 puntos",21.4314784454182
"1132","2 puntos",18.7807112948503
"1133","2 puntos",21.9701426583342
"1134","2 puntos",19.9378422107548
"1135","2 puntos",23.3456623584498
"1136","2 puntos",22.079000787111
"1137","2 puntos",18.7345942298416
"1138","2 puntos",24.7182278013788
"1139","2 puntos",18.8093853662722
"1140","2 puntos",19.7650972080883
"1141","2 puntos",22.8354666272644
"1142","2 puntos",24.8021892781835
"1143","2 puntos",20.2746933843009
"1144","2 puntos",24.7629633508623
"1145","2 puntos",22.2338477242738
"1146","2 puntos",19.4830124794971
"1147","2 puntos",22.2672076362651
"1148","2 puntos",18.9428101438098
"1149","2 puntos",19.6129459564108
"1150","2 puntos",24.6017601273488
"1151","2 puntos",22.663009806769
"1152","2 puntos",21.5133573387284
"1153","2 puntos",22.1757235077675
"1154","2 puntos",23.3766371738166
"1155","2 puntos",18.1913839916233
"1156","2 puntos",21.0099303836469
"1157","2 puntos",20.4058179818094
"1158","2 puntos",23.1425453273114
"1159","2 puntos",21.969736187486
"1160","2 puntos",21.9475535629317
"1161","2 puntos",20.8748972073663
"1162","2 puntos",21.8076840457506
"1163","3 puntos",27.8599322710652
"1164","3 puntos",30.816110433545
"1165","3 puntos",29.0378439282067
"1166","3 puntos",29.2468284138013
"1167","3 puntos",31.6281589786522
"1168","3 puntos",26.7957905880176
"1169","3 puntos",26.446062020259
"1170","3 puntos",27.6990903904662
"1171","3 puntos",27.1555592417717
"1172","3 puntos",28.8231311710551
"1173","3 puntos",31.5315283767413
"1174","3 puntos",26.9826709979679
"1175","3 puntos",26.0392208423
"1176","3 puntos",31.9286159265321
"1177","3 puntos",26.6179744387046
"1178","3 puntos",28.878674188396
"1179","3 puntos",32.8209092461038
"1180","3 puntos",29.0815181473736
"1181","3 puntos",27.9922103453428
"1182","3 puntos",32.9953561336733
"1183","3 puntos",29.0197489191778
"1184","3 puntos",28.5867381682619
"1185","3 puntos",32.972094435012
"1186","3 puntos",31.878820811864
"1187","3 puntos",30.5548540530726
"1188","3 puntos",30.1835100296885
"1189","3 puntos",30.7444634994026
"1190","3 puntos",28.5886878061574
"1191","3 puntos",26.1704158494249
"1192","3 puntos",30.4209200856276
"1193","3 puntos",27.119116255315
"1194","3 puntos",26.8956619293895
"1195","3 puntos",27.5788726061583
"1196","3 puntos",26.4616761028301
"1197","3 puntos",26.2995529500768
"1198","3 puntos",31.2647173227742
"1199","3 puntos",30.1013384510297
"1200","3 puntos",26.8594288500026
"1201","3 puntos",28.893197651254
"1202","3 puntos",29.8410816276446
"1203","3 puntos",28.0419018559624
"1204","3 puntos",26.5458404296078
"1205","3 puntos",29.69573984202
"1206","3 puntos",29.5211498811841
"1207","3 puntos",27.4765548349824
"1208","3 puntos",32.4298941977322
"1209","3 puntos",27.1493411164265
"1210","3 puntos",31.8881945775356
"1211","3 puntos",30.9534705481492
"1212","3 puntos",26.9416061476804
"1213","3 puntos",29.1749533903785
"1214","3 puntos",27.983275923878
"1215","3 puntos",26.312392037129
"1216","3 puntos",31.1822235428263
"1217","3 puntos",28.9806114435196
"1218","3 puntos",26.3035527952015
"1219","3 puntos",29.1159870340489
"1220","3 puntos",30.9187402653042
"1221","3 puntos",30.4329422411975
"1222","3 puntos",28.6649245505687
"1223","3 puntos",26.2496201470494
"1224","3 puntos",29.7129202350043
"1225","3 puntos",28.9072505475488
"1226","3 puntos",27.8035741019994
"1227","3 puntos",30.627389161149
"1228","3 puntos",29.7261374259833
"1229","3 puntos",30.0145417407621
"1230","3 puntos",29.4435632461682
"1231","3 puntos",31.6894456171431
"1232","3 puntos",26.9348391138483
"1233","3 puntos",32.9455995804165
"1234","3 puntos",31.1585467467085
"1235","3 puntos",29.8160802877974
"1236","3 puntos",30.5654271242674
"1237","3 puntos",31.719339089701
"1238","3 puntos",26.5458101835102
"1239","3 puntos",28.7043222635984
"1240","3 puntos",31.2740694184322
"1241","3 puntos",28.4382240888663
"1242","3 puntos",28.601773311384
"1243","3 puntos",26.3609469933435
"1244","3 puntos",32.0488515051547
"1245","3 puntos",30.93362205429
"1246","3 puntos",26.5604717356618
"1247","3 puntos",31.9107355999295
"1248","3 puntos",27.0537610114552
"1249","3 puntos",32.7094179629348
"1250","3 puntos",28.0426216146443
"1251","3 puntos",27.1020599564072
"1252","3 puntos",27.3270118944347
"1253","3 puntos",32.0319872489199
"1254","3 puntos",29.0371792996302
"1255","3 puntos",27.0991726194043
"1256","3 puntos",26.7802368884441
"1257","3 puntos",27.9118409960065
"1258","3 puntos",30.1092559432145
"1259","3 puntos",27.1854934010189
"1260","3 puntos",32.2874214169569
"1261","3 puntos",31.7906160543207
"1262","3 puntos",28.950645955978
"1263","3 puntos",30.6143995949533
"1264","3 puntos",27.7577880881727
"1265","3 puntos",32.995767397806
"1266","3 puntos",27.6204261155799
"1267","3 puntos",27.9812300927006
"1268","3 puntos",30.0209916469175
"1269","3 puntos",31.2388478377834
"1270","3 puntos",28.675190913491
"1271","3 puntos",27.6709177037701
"1272","3 puntos",30.5161672651302
"1273","3 puntos",27.3434660437051
"1274","3 puntos",27.0828259971458
"1275","3 puntos",28.8356065063272
"1276","3 puntos",30.2568765240721
"1277","3 puntos",27.992096445756
"1278","3 puntos",30.4303594317753
"1279","3 puntos",31.9421968937386
"1280","3 puntos",26.7456876127981
"1281","3 puntos",31.7923512004782
"1282","3 puntos",28.0173629433848
"1283","3 puntos",31.9996431758627
"1284","3 puntos",32.0398429695051
"1285","3 puntos",32.4923792469781
"1286","3 puntos",28.0165331754833
"1287","3 puntos",27.9884053152055
"1288","3 puntos",27.9516908081714
"1289","3 puntos",31.8397585586645
"1290","3 puntos",26.8384391013533
"1291","3 puntos",30.9754518417176
"1292","3 puntos",27.1572729200125
"1293","3 puntos",26.0136373310816
"1294","3 puntos",30.1047701640055
"1295","3 puntos",28.9835455692373
"1296","3 puntos",30.3026720967609
"1297","3 puntos",28.6315249949694
"1298","3 puntos",27.2356223913375
"1299","3 puntos",32.0164189380594
"1300","3 puntos",30.7226914251223
"1301","3 puntos",26.8315234333277
"1302","3 puntos",27.4211182591971
"1303","3 puntos",29.6955163259991
"1304","3 puntos",28.3138930015266
"1305","3 puntos",26.8663069263566
"1306","3 puntos",27.5252033849247
"1307","3 puntos",31.224650403019
"1308","3 puntos",26.1568527694326
"1309","3 puntos",26.8232553533744
"1310","3 puntos",28.1523438205477
"1311","3 puntos",26.7560913495254
"1312","3 puntos",30.4134766657371
"1313","3 puntos",29.078027511714
"1314","3 puntos",32.2981599306222
"1315","3 puntos",28.0516300085001
"1316","3 puntos",26.8358302311972
"1317","3 puntos",27.6796138137579
"1318","3 puntos",28.8851336322259
"1319","3 puntos",27.5059931199066
"1320","3 puntos",31.6399634773843
"1321","3 puntos",31.6699551152997
"1322","3 puntos",29.9916746104136
"1323","3 puntos",27.5423853800166
"1324","3 puntos",28.1656403720845
"1325","3 puntos",32.8043789942749
"1326","3 puntos",28.7467539089266
"1327","3 puntos",29.6559358895756
"1328","3 puntos",26.548637220636
"1329","3 puntos",29.1660794529598
"1330","3 puntos",29.4929129602388
"1331","3 puntos",28.9872382432222
"1332","3 puntos",31.8462009367067
"1333","3 puntos",30.2093837782741
"1334","3 puntos",26.9022492452059
"1335","3 puntos",28.5042274789885
"1336","3 puntos",29.0467598333489
"1337","3 puntos",32.1680073137395
"1338","3 puntos",28.2241410219576
"1339","3 puntos",28.7219238576945
"1340","3 puntos",26.1619432684965
"1341","3 puntos",28.4750014839228
"1342","3 puntos",30.2537333762739
"1343","3 puntos",32.502180183772
"1344","3 puntos",28.34083035402
"1345","3 puntos",31.7104057536926
"1346","3 puntos",32.7075740266591
"1347","3 puntos",27.1875968233217
"1348","3 puntos",29.9740590618458
"1349","3 puntos",31.8194906141143
"1350","3 puntos",28.4063530873973
"1351","3 puntos",31.2299885295797
"1352","3 puntos",26.5276361627039
"1353","3 puntos",27.2638867811766
"1354","3 puntos",29.9237904909533
"1355","3 puntos",32.4129658816382
"1356","3 puntos",32.0740782907233
"1357","3 puntos",27.8774397759698
"1358","3 puntos",31.5195414528716
"1359","3 puntos",27.9772319947369
"1360","3 puntos",31.5931606695522
"1361","3 puntos",32.0293016030919
"1362","3 puntos",26.4214203609154
"1363","3 puntos",29.2278916968498
"1364","3 puntos",30.1431843948085
"1365","3 puntos",29.480560666183
"1366","3 puntos",31.6582942456007
"1367","3 puntos",27.0680863051675
"1368","3 puntos",32.7632596495096
"1369","3 puntos",31.5047661901917
"1370","3 puntos",27.9811859850306
"1371","3 puntos",26.7338406296913
"1372","3 puntos",29.3191227461211
"1373","3 puntos",28.5352267301641
"1374","3 puntos",29.2949783660006
"1375","3 puntos",32.9020609960426
"1376","3 puntos",32.2425092705525
"1377","3 puntos",32.9381163262296
"1378","3 puntos",29.055714127142
"1379","3 puntos",32.4285195909906
"1380","3 puntos",26.0475144467782
"1381","3 puntos",32.0697847334668
"1382","3 puntos",31.3439955064096
"1383","3 puntos",29.9606474274769
"1384","3 puntos",31.8532959527802
"1385","3 puntos",29.8831333876587
"1386","3 puntos",26.3199146725237
"1387","3 puntos",30.7066057540942
"1388","3 puntos",32.9748517470434
"1389","3 puntos",32.644048494054
"1390","3 puntos",29.0775353452191
"1391","3 puntos",31.2905174950138
"1392","3 puntos",26.8183487169445
"1393","3 puntos",28.5543168012518
"1394","3 puntos",28.3237791450229
"1395","3 puntos",26.4093184259254
"1396","3 puntos",32.8702318677679
"1397","3 puntos",26.7259283186868
"1398","3 puntos",31.7663201454561
"1399","3 puntos",30.7334042137954
"1400","3 puntos",29.251573946327
"1401","3 puntos",28.7215860655997
"1402","3 puntos",26.4335400837008
"1403","3 puntos",28.3763039235491
"1404","3 puntos",32.9899165935349
"1405","3 puntos",31.1438852304127
"1406","3 puntos",27.1014625332318
"1407","3 puntos",26.0164706234355
"1408","3 puntos",26.2793041900732
"1409","3 puntos",26.5656885094941
"1410","3 puntos",28.0054412870668
"1411","3 puntos",27.6432546959259
"1412","3 puntos",26.8095891566481
"1413","3 puntos",26.7160456955899
"1414","3 puntos",32.1253791714553
"1415","3 puntos",28.9325320248026
"1416","3 puntos",31.388102341909
"1417","3 puntos",26.3277390012518
"1418","3 puntos",30.5378711463418
"1419","3 puntos",28.4589388992172
"1420","3 puntos",28.2945153235923
"1421","3 puntos",28.500097488286
"1422","3 puntos",30.1905695402529
"1423","3 puntos",30.136933534639
"1424","3 puntos",30.8169603557326
"1425","3 puntos",29.2714901426807
"1426","3 puntos",26.7280020685866
"1427","3 puntos",27.2668927034829
"1428","3 puntos",30.8060174242128
"1429","3 puntos",26.1932684190106
"1430","3 puntos",29.193293225253
"1431","3 puntos",29.9586565829813
"1432","3 puntos",32.4667986123823
"1433","3 puntos",26.2090276544914
"1434","3 puntos",28.7470919487532
"1435","3 puntos",30.8914374676533
"1436","3 puntos",28.4679060180206
"1437","3 puntos",28.3193408700172
"1438","3 puntos",30.6800550881308
"1439","3 puntos",29.0174813224003
"1440","3 puntos",30.7514846751001
"1441","3 puntos",28.4453739367891
"1442","3 puntos",28.045206484152
"1443","3 puntos",29.971293555107
"1444","3 puntos",29.7367839301005
"1445","3 puntos",26.7390891751274
"1446","3 puntos",32.2838518265635
"1447","3 puntos",32.3779541868716
"1448","3 puntos",27.648399282014
"1449","3 puntos",32.1037084765267
"1450","3 puntos",32.5814485412557
"1451","3 puntos",28.6783892256208
"1452","3 puntos",29.6001902814023
"1453","3 puntos",30.0095594124869
"1454","3 puntos",30.3187016320881
"1455","3 puntos",26.8068894129246
"1456","3 puntos",26.7897122518625
"1457","3 puntos",31.0517923531588
"1458","3 puntos",32.7185708952602
"1459","3 puntos",29.5184156766627
"1460","3 puntos",28.1539080366492
"1461","3 puntos",32.2632545013912
"1462","3 puntos",32.0518209261354
"1463","3 puntos",26.6386804513168
"1464","3 puntos",27.5473979788367
"1465","3 puntos",31.9413342345506
"1466","3 puntos",31.3987898146734
"1467","3 puntos",31.1316100216936
"1468","3 puntos",29.4186687993351
"1469","3 puntos",26.6984145399183
"1470","3 puntos",32.7375228672754
"1471","3 puntos",31.5634977570735
"1472","3 puntos",28.9028376895003
"1473","3 puntos",26.1178451997694
"1474","3 puntos",28.5610444603954
"1475","3 puntos",27.962010193849
"1476","3 puntos",30.3616534799803
"1477","3 puntos",28.826937742997
"1478","3 puntos",29.7821837300435
"1479","3 puntos",28.5365961818025
"1480","3 puntos",32.6239630512428
"1481","3 puntos",26.8306853566319
"1482","3 puntos",30.9691362192389
"1483","3 puntos",29.9840720016509
"1484","3 puntos",32.7865883596241
"1485","3 puntos",32.0346664700191
"1486","3 puntos",26.1865285818931
"1487","3 puntos",31.8299388741143
"1488","3 puntos",28.1862940057181
"1489","3 puntos",29.8053357535973
"1490","3 puntos",30.2491268245503
"1491","3 puntos",31.3547241613269
"1492","3 puntos",32.0988193720113
"1493","3 puntos",29.2037175009027
"1494","3 puntos",31.8706741677597
"1495","3 puntos",30.7243494549766
"1496","3 puntos",29.5663810882252
"1497","3 puntos",26.1650016643107
"1498","3 puntos",29.0402045939118
"1499","3 puntos",32.8453317442909
"1500","3 puntos",32.6431518173777
"1501","3 puntos",27.0029267515056
"1502","3 puntos",26.3612067091744
"1503","3 puntos",26.1184307758231
"1504","3 puntos",26.3798590234946
"1505","3 puntos",30.2220865362324
"1506","3 puntos",28.9429591216613
"1507","3 puntos",28.8513307268731
"1508","3 puntos",26.7889193617739
"1509","3 puntos",30.2357722809538
"1510","3 puntos",31.6472590942867
"1511","3 puntos",26.8697125019971
"1512","3 puntos",26.2514335308224
"1513","3 puntos",31.5012857604306
"1514","3 puntos",29.9148539621383
"1515","3 puntos",27.4667423362844
"1516","3 puntos",28.851175570162
"1517","3 puntos",28.3446840504184
"1518","3 puntos",27.6182984237093
"1519","3 puntos",29.6963075047825
"1520","3 puntos",31.1439798949286
"1521","3 puntos",32.6287835030816
"1522","3 puntos",27.5221880504396
"1523","3 puntos",32.7009412259795
"1524","3 puntos",28.3291501123458
"1525","3 puntos",29.2728131462354
"1526","3 puntos",31.3210069141351
"1527","3 puntos",28.6461949064396
"1528","3 puntos",26.7870181195904
"1529","3 puntos",28.3556836196221
"1530","3 puntos",26.0116203459911
"1531","3 puntos",31.0811335174367
"1532","3 puntos",32.1338415513746
"1533","3 puntos",30.6978242630139
"1534","3 puntos",27.646177676972
"1535","3 puntos",28.8114799906034
"1536","3 puntos",28.1405113525689
"1537","3 puntos",27.7480580352712
"1538","3 puntos",31.7673863831442
"1539","3 puntos",27.503417835338
"1540","3 puntos",29.6631319182925
"1541","3 puntos",29.908647418255
"1542","3 puntos",27.5584593962412
"1543","3 puntos",31.8611993372906
"1544","3 puntos",29.1890455782413
"1545","3 puntos",27.3953420093749
"1546","3 puntos",29.8675578322727
"1547","3 puntos",29.6269988704007
"1548","3 puntos",31.5402733518276
"1549","3 puntos",32.8513375569601
"1550","3 puntos",27.9386375569738
"1551","3 puntos",32.2286083968356
"1552","3 puntos",32.0439602297265
"1553","3 puntos",32.5097342142835
"1554","3 puntos",32.3158409618773
"1555","3 puntos",26.8860578220338
"1556","3 puntos",27.9444523178972
"1557","3 puntos",27.0100313508883
"1558","3 puntos",28.8632598298136
"1559","3 puntos",27.3606015206315
"1560","3 puntos",27.1957216963638
"1561","3 puntos",28.0382080769632
"1562","3 puntos",28.9598551837262
"1563","3 puntos",29.636076425435
"1564","3 puntos",30.7486684452742
"1565","3 puntos",29.7887977927458
"1566","3 puntos",29.9680135550443
"1567","3 puntos",29.9086436566431
"1568","3 puntos",31.2846196119208
"1569","3 puntos",29.6889787439723
"1570","3 puntos",31.405273151584
"1571","3 puntos",30.0569269412663
"1572","3 puntos",32.3366999896243
"1573","3 puntos",30.3541659784969
"1574","3 puntos",32.7321856273338
"1575","3 puntos",31.6068816606421
"1576","3 puntos",27.5223376266658
"1577","3 puntos",32.4671998955309
"1578","3 puntos",29.3889158265665
"1579","3 puntos",27.324858205393
"1580","3 puntos",32.8268751397263
"1581","3 puntos",29.0077689839527
"1582","3 puntos",32.9347328199074
"1583","3 puntos",30.8342118069995
"1584","3 puntos",32.2441994876135
"1585","3 puntos",28.0078250830993
"1586","3 puntos",26.3095127595589
"1587","3 puntos",32.9264034377411
"1588","3 puntos",31.6975281052291
"1589","3 puntos",27.9656352028251
"1590","3 puntos",31.9766753767617
"1591","3 puntos",30.3958289837465
"1592","3 puntos",28.2862606390845
"1593","3 puntos",29.3779390095733
"1594","3 puntos",30.3199412266258
"1595","3 puntos",27.8793502869084
"1596","3 puntos",31.6557318218984
"1597","3 puntos",27.5763104904909
"1598","3 puntos",30.3397034055088
"1599","3 puntos",32.6554992024321
"1600","3 puntos",29.3598439402413
"1601","3 puntos",26.2271991197485
"1602","3 puntos",29.7291472957004
"1603","3 puntos",30.2096763169393
"1604","3 puntos",26.7060557247605
"1605","3 puntos",27.3107247424778
"1606","3 puntos",27.2019322609995
"1607","3 puntos",30.0819792128168
"1608","3 puntos",28.1408803034574
"1609","3 puntos",32.1894279739354
"1610","3 puntos",28.5823558252305
"1611","3 puntos",30.4624582275283
"1612","3 puntos",32.2477431411389
"1613","3 puntos",29.7550448118709
"1614","4 puntos",37.5806725095026
"1615","4 puntos",39.4548555868678
"1616","4 puntos",37.2548254458234
"1617","4 puntos",34.3707718411461
"1618","4 puntos",37.2250025197864
"1619","4 puntos",38.2981262963731
"1620","4 puntos",39.6621909120586
"1621","4 puntos",36.4954259868246
"1622","4 puntos",38.3155952382367
"1623","4 puntos",37.4464994401205
"1624","4 puntos",38.9738647479098
"1625","4 puntos",37.8789781869855
"1626","4 puntos",38.6749351904728
"1627","4 puntos",36.4383329490665
"1628","4 puntos",38.9323914058041
"1629","4 puntos",35.2856705167796
"1630","4 puntos",40.2842844657134
"1631","4 puntos",38.4133193527814
"1632","4 puntos",40.3184928982519
"1633","4 puntos",35.631122043822
"1634","4 puntos",38.2567886803299
"1635","4 puntos",36.3918630129192
"1636","4 puntos",39.9795084816869
"1637","4 puntos",35.2327382601798
"1638","4 puntos",37.3944447555114
"1639","4 puntos",38.6832692811731
"1640","4 puntos",35.456442366587
"1641","4 puntos",37.4198568460997
"1642","4 puntos",37.4262870005332
"1643","4 puntos",39.028816442471
"1644","4 puntos",36.3464084626175
"1645","4 puntos",37.8073041408788
"1646","4 puntos",36.5143871265464
"1647","4 puntos",40.2764299251139
"1648","4 puntos",38.2882443121634
"1649","4 puntos",37.8419035121333
"1650","4 puntos",38.0686478647403
"1651","4 puntos",34.4370212794747
"1652","4 puntos",37.5779319796711
"1653","4 puntos",36.0997158812825
"1654","4 puntos",40.3993630211335
"1655","4 puntos",34.2184108111542
"1656","4 puntos",37.0922618096229
"1657","4 puntos",38.1553435786627
"1658","4 puntos",36.5082768069115
"1659","4 puntos",37.4227040766273
"1660","4 puntos",40.1588849958498
"1661","4 puntos",35.1006683832966
"1662","4 puntos",38.4712862742599
"1663","4 puntos",34.9091437289026
"1664","4 puntos",40.7273772263434
"1665","4 puntos",37.3069781800732
"1666","4 puntos",38.7195559341926
"1667","4 puntos",39.8766553001478
"1668","4 puntos",36.2724229027517
"1669","4 puntos",40.561028720811
"1670","4 puntos",37.8782472249586
"1671","4 puntos",34.4978664338123
"1672","4 puntos",38.6514759811107
"1673","4 puntos",37.6485030048061
"1674","4 puntos",35.3669054263737
"1675","4 puntos",39.8698029879015
"1676","4 puntos",37.0705011000391
"1677","4 puntos",36.1097022551112
"1678","4 puntos",38.7955777223688
"1679","4 puntos",36.9974789479747
"1680","4 puntos",39.6257721674629
"1681","4 puntos",35.8210353413597
"1682","4 puntos",40.3578091580421
"1683","4 puntos",34.6500998917036
"1684","4 puntos",40.5553398418706
"1685","4 puntos",35.7154774239752
"1686","4 puntos",38.5528662335128
"1687","4 puntos",35.2222140100785
"1688","4 puntos",38.5675991650205
"1689","4 puntos",38.8476904593408
"1690","4 puntos",40.0633712748531
"1691","4 puntos",36.6023981415201
"1692","4 puntos",34.8509283699095
"1693","4 puntos",35.4935214794241
"1694","4 puntos",35.4172278838232
"1695","4 puntos",40.1238375543617
"1696","4 puntos",38.6745149705093
"1697","4 puntos",39.4810146703385
"1698","4 puntos",34.7822301418055
"1699","4 puntos",38.7027599737048
"1700","4 puntos",36.566743907053
"1701","4 puntos",40.6352465911768
"1702","4 puntos",40.9839962972328
"1703","4 puntos",38.5586546827108
"1704","4 puntos",36.8355236253701
"1705","4 puntos",39.2821434331127
"1706","4 puntos",37.6530142433476
"1707","4 puntos",34.7897356902249
"1708","4 puntos",38.3965822840109
"1709","4 puntos",40.904811850749
"1710","4 puntos",35.8854360419791
"1711","4 puntos",35.7276589623652
"1712","4 puntos",36.439603518229
"1713","4 puntos",40.5626150323078
"1714","4 puntos",40.1973485643975
"1715","4 puntos",35.2834152772557
"1716","4 puntos",35.9137977806386
"1717","4 puntos",36.9035086580552
"1718","4 puntos",35.1445627138019
"1719","4 puntos",35.5823532869108
"1720","4 puntos",39.0846843307372
"1721","4 puntos",37.7764914399013
"1722","4 puntos",34.4310885721352
"1723","4 puntos",36.6912918949965
"1724","4 puntos",34.2158811385743
"1725","4 puntos",34.616938368883
"1726","4 puntos",36.5316898240708
"1727","4 puntos",36.0225670943037
"1728","4 puntos",35.1559664867818
"1729","4 puntos",38.9816011823714
"1730","4 puntos",37.4539278461598
"1731","4 puntos",35.272835809039
"1732","4 puntos",39.9863419744652
"1733","4 puntos",40.2361768756527
"1734","4 puntos",35.0566306682304
"1735","4 puntos",35.1830298190471
"1736","4 puntos",38.7835046220571
"1737","4 puntos",37.348743816372
"1738","4 puntos",40.6196599677205
"1739","4 puntos",34.60820250283
"1740","4 puntos",38.4820784006733
"1741","4 puntos",37.5339332383592
"1742","4 puntos",38.1447318824939
"1743","4 puntos",39.2913965517655
"1744","4 puntos",34.5561311256606
"1745","4 puntos",34.2947540036403
"1746","4 puntos",37.5081255950499
"1747","4 puntos",40.0723333477508
"1748","4 puntos",34.7174559643026
"1749","4 puntos",38.2964155501686
"1750","4 puntos",39.1645611680578
"1751","4 puntos",35.486341127893
"1752","4 puntos",35.151788551826
"1753","4 puntos",36.9180337621365
"1754","4 puntos",38.4290397823788
"1755","4 puntos",39.1404122423846
"1756","4 puntos",39.7305089272559
"1757","4 puntos",35.9213001036551
"1758","4 puntos",36.3947255637031
"1759","4 puntos",35.6037606413011
"1760","4 puntos",40.0337710711174
"1761","4 puntos",39.7549539722968
"1762","4 puntos",37.1314517310821
"1763","4 puntos",37.9812623774633
"1764","4 puntos",39.9191342263948
"1765","4 puntos",39.5132809050847
"1766","4 puntos",35.0421782180201
"1767","4 puntos",40.0069754554424
"1768","4 puntos",37.6937428971287
"1769","4 puntos",38.0558612348977
"1770","4 puntos",39.9769729629625
"1771","4 puntos",40.1447822093032
"1772","4 puntos",34.8302128636278
"1773","4 puntos",34.2380473476369
"1774","4 puntos",35.8799716227222
"1775","4 puntos",40.3360040376429
"1776","4 puntos",39.9812587655615
"1777","4 puntos",40.4456672784872
"1778","4 puntos",40.8873497752938
"1779","4 puntos",34.7763943888713
"1780","4 puntos",40.2818997944705
"1781","4 puntos",38.6089195800014
"1782","4 puntos",36.2861974805128
"1783","4 puntos",38.6660492592491
"1784","4 puntos",38.9171863105148
"1785","4 puntos",37.6913028187118
"1786","4 puntos",35.551761362236
"1787","4 puntos",40.9254476982169
"1788","4 puntos",38.8034435445443
"1789","4 puntos",38.1781187923625
"1790","4 puntos",39.0871511853766
"1791","4 puntos",36.0009307852015
"1792","4 puntos",35.5416739399079
"1793","4 puntos",36.9256420899183
"1794","4 puntos",35.777493617963
"1795","4 puntos",35.180436500581
"1796","4 puntos",36.5863189392257
"1797","4 puntos",40.0220486531034
"1798","4 puntos",38.3659227790777
"1799","4 puntos",40.2758386088535
"1800","4 puntos",38.4875739281997
"1801","4 puntos",39.4317584098317
"1802","4 puntos",37.163795639528
"1803","4 puntos",40.8730845239479
"1804","4 puntos",34.8138765206095
"1805","4 puntos",40.3249469310977
"1806","4 puntos",37.9693543235771
"1807","4 puntos",38.0498046632856
"1808","4 puntos",39.37289469596
"1809","4 puntos",40.6076529254206
"1810","4 puntos",40.7498364890926
"1811","4 puntos",40.1078331409954
"1812","4 puntos",37.761700250674
"1813","4 puntos",34.3792848137673
"1814","4 puntos",39.7015809291042
"1815","4 puntos",35.8546115427744
"1816","4 puntos",40.8605249712709
"1817","4 puntos",39.3151151852217
"1818","4 puntos",40.7626083071809
"1819","4 puntos",35.7454906194471
"1820","4 puntos",37.8687758236192
"1821","4 puntos",39.0357783434447
"1822","4 puntos",37.1021008319221
"1823","4 puntos",37.825346842641
"1824","4 puntos",34.0306604355574
"1825","4 puntos",36.1514720458072
"1826","4 puntos",39.7952971700579
"1827","4 puntos",34.3080323126633
"1828","4 puntos",36.5363002205268
"1829","4 puntos",35.2530630298425
"1830","4 puntos",38.3252222542651
"1831","4 puntos",40.0330278251786
"1832","4 puntos",34.267096426338
"1833","4 puntos",35.7224635293242
"1834","4 puntos",37.5693505303934
"1835","4 puntos",36.1208669049665
"1836","4 puntos",36.7763478183188
"1837","4 puntos",38.3469193456694
"1838","4 puntos",40.9048476757016
"1839","4 puntos",35.4687232666183
"1840","4 puntos",40.4660620389041
"1841","4 puntos",40.1114439591765
"1842","4 puntos",37.949097730685
"1843","4 puntos",39.3080949906725
"1844","4 puntos",37.4896772340871
"1845","4 puntos",39.6870909051504
"1846","4 puntos",39.822868370451
"1847","4 puntos",37.6037763475906
"1848","4 puntos",35.8062608283944
"1849","4 puntos",35.3356402888894
"1850","4 puntos",38.523995945463
"1851","4 puntos",36.8353765020147
"1852","4 puntos",36.519354628399
"1853","4 puntos",38.1448911316693
"1854","4 puntos",38.6780979954638
"1855","4 puntos",39.6556940102018
"1856","4 puntos",34.6502533517778
"1857","4 puntos",36.7820666532498
"1858","4 puntos",38.7232361335773
"1859","4 puntos",36.4712817061227
"1860","4 puntos",40.9471488413401
"1861","4 puntos",40.3563083580229
"1862","4 puntos",34.1745567468461
"1863","4 puntos",35.3504502910655
"1864","4 puntos",34.4585912534967
"1865","4 puntos",36.3337425808422
"1866","4 puntos",38.5661865721922
"1867","4 puntos",40.4919264812488
"1868","4 puntos",38.9581906474195
"1869","4 puntos",40.0631544769276
"1870","4 puntos",34.1894098136108
"1871","4 puntos",35.7368326259311
"1872","4 puntos",39.7256703078747
"1873","4 puntos",34.4169321206864
"1874","4 puntos",37.6120537207462
"1875","4 puntos",40.1777983771171
"1876","4 puntos",40.8307606533635
"1877","4 puntos",36.6767413055059
"1878","4 puntos",37.8327686251141
"1879","4 puntos",36.4070914878976
"1880","4 puntos",39.2530445994344
"1881","4 puntos",38.7215653422754
"1882","4 puntos",39.6327965115197
"1883","4 puntos",39.3272150242701
"1884","4 puntos",39.4533774706069
"1885","4 puntos",40.163643325679
"1886","4 puntos",36.0687777334824
"1887","4 puntos",35.814427300822
"1888","4 puntos",34.7717791583855
"1889","4 puntos",35.9106613819022
"1890","4 puntos",36.3350761292968
"1891","4 puntos",36.827658406226
"1892","4 puntos",37.2886740120593
"1893","4 puntos",36.3873848270159
"1894","4 puntos",36.8298635354731
"1895","4 puntos",34.0158224494662
"1896","4 puntos",34.7324642399326
"1897","4 puntos",34.8462623544037
"1898","4 puntos",40.6181637702975
"1899","4 puntos",35.0862527636345
"1900","4 puntos",34.9198387933429
"1901","4 puntos",38.0357423613314
"1902","4 puntos",40.7162209439557
"1903","4 puntos",35.221880546771
"1904","4 puntos",35.0944764979649
"1905","4 puntos",36.7842249514069
"1906","4 puntos",35.9359339913353
"1907","4 puntos",34.2802375652827
"1908","4 puntos",39.8411201334093
"1909","4 puntos",34.2572383841034
"1910","4 puntos",34.831328321714
"1911","4 puntos",36.8118845708668
"1912","4 puntos",38.5349638832267
"1913","4 puntos",40.3055915457662
"1914","4 puntos",34.0786461122334
"1915","4 puntos",36.3363601900637
"1916","4 puntos",34.1016222038306
"1917","5 puntos",49.5945573635399
"1918","5 puntos",43.6382571402937
"1919","5 puntos",45.8709011580795
"1920","5 puntos",44.7991049420089
"1921","5 puntos",47.4075954705477
"1922","5 puntos",43.100445875898
"1923","5 puntos",47.6899623014033
"1924","5 puntos",43.7957370635122
"1925","5 puntos",42.7189408130944
"1926","5 puntos",44.1746094189584
"1927","5 puntos",47.3360173590481
"1928","5 puntos",46.4260222967714
"1929","5 puntos",49.0312812067568
"1930","5 puntos",46.8267116304487
"1931","5 puntos",49.4164137151092
"1932","5 puntos",44.7231737710536
"1933","5 puntos",43.4988345894963
"1934","5 puntos",43.8943288698792
"1935","5 puntos",47.8476811014116
"1936","5 puntos",42.3583312872797
"1937","5 puntos",49.8640715889633
"1938","5 puntos",47.3647036142647
"1939","5 puntos",42.1065316274762
"1940","5 puntos",47.6515370458364
"1941","5 puntos",42.3717659953982
"1942","5 puntos",48.7680815532804
"1943","5 puntos",44.6793780084699
"1944","5 puntos",47.897301081568
"1945","5 puntos",44.9689506217837
"1946","5 puntos",45.7679500970989
"1947","5 puntos",44.8781916033477
"1948","5 puntos",46.6324919611216
"1949","5 puntos",49.815263422206
"1950","5 puntos",43.3552562985569
"1951","5 puntos",47.4534156899899
"1952","5 puntos",43.1080293469131
"1953","5 puntos",47.1163759548217
"1954","5 puntos",44.20473331213
"1955","5 puntos",49.8768178448081
"1956","5 puntos",46.1574458628893
"1957","5 puntos",47.6048580873758
"1958","5 puntos",46.4685389157385
"1959","5 puntos",44.7637529242784
"1960","5 puntos",48.3803330361843
"1961","5 puntos",43.6179735865444
"1962","5 puntos",48.4330802690238
"1963","5 puntos",47.8561783693731
"1964","5 puntos",47.3835650868714
"1965","5 puntos",47.3367463052273
"1966","5 puntos",43.4758138600737
"1967","5 puntos",45.9963361211121
"1968","5 puntos",43.9364353902638
"1969","5 puntos",46.8914752975106
"1970","5 puntos",49.2565443124622
"1971","5 puntos",47.5484862998128
"1972","5 puntos",44.0416478458792
"1973","5 puntos",43.3772651758045
"1974","5 puntos",44.4104603026062
"1975","5 puntos",46.4837399814278
"1976","5 puntos",47.7296267207712
"1977","5 puntos",42.7579826731235
"1978","5 puntos",48.3156765792519
"1979","5 puntos",46.0635445360094
"1980","5 puntos",44.0654815584421
"1981","5 puntos",43.4960368704051
"1982","5 puntos",44.8365862444043
"1983","5 puntos",49.2821099963039
"1984","5 puntos",46.679313313216
"1985","5 puntos",43.3393061384559
"1986","5 puntos",45.0821468606591
"1987","5 puntos",45.5349436979741
"1988","5 puntos",49.7483102772385
"1989","5 puntos",42.9114515334368
"1990","5 puntos",49.6472310516983
"1991","5 puntos",46.8176169227809
"1992","5 puntos",43.5612847544253
"1993","5 puntos",43.6201704051346
"1994","5 puntos",49.0284100975841
"1995","5 puntos",47.474257580936
"1996","5 puntos",44.7902646809816
"1997","5 puntos",46.1905199401081
"1998","5 puntos",43.4193815402687
"1999","5 puntos",43.3877133298665
"2000","5 puntos",46.1811132933944
"2001","5 puntos",45.3956390004605
"2002","5 puntos",47.3975964747369
"2003","5 puntos",48.7575974520296
"2004","5 puntos",48.8610418345779
"2005","5 puntos",42.1649040970951
"2006","5 puntos",43.3963367510587
"2007","5 puntos",44.5922465696931
"2008","5 puntos",48.2132725566626
"2009","5 puntos",42.6700382363051
"2010","5 puntos",47.3551810532808
"2011","5 puntos",42.5300054550171
"2012","5 puntos",44.7117225732654
"2013","5 puntos",43.2309273835272
"2014","5 puntos",44.5754509083927
"2015","5 puntos",48.7164657823741
"2016","5 puntos",48.02226097323
"2017","5 puntos",48.2547905985266
"2018","5 puntos",42.4841929487884
"2019","5 puntos",49.0945651996881
"2020","5 puntos",48.5294664651155
"2021","5 puntos",42.809503396973
"2022","5 puntos",42.0680654924363
"2023","5 puntos",44.2087523173541
"2024","5 puntos",42.4093891642988
"2025","5 puntos",47.9791749622673
"2026","5 puntos",43.5432260856032
"2027","5 puntos",45.4048638381064
"2028","5 puntos",45.6242639645934
"2029","5 puntos",46.5974283684045
"2030","5 puntos",49.9956614747643
"2031","5 puntos",48.5827968884259
"2032","5 puntos",47.9946606140584
"2033","5 puntos",42.4633197933435
"2034","5 puntos",44.1775726415217
"2035","5 puntos",43.9995884411037
"2036","5 puntos",48.4426734745502
"2037","5 puntos",43.1393724493682
"2038","5 puntos",48.3406968042254
"2039","5 puntos",44.6250593289733
"2040","5 puntos",48.9954430516809
"2041","5 puntos",45.5928244646639
"2042","5 puntos",43.5651703439653
"2043","5 puntos",46.2939904201776
"2044","5 puntos",45.8098504766822
"2045","5 puntos",47.1236007940024
"2046","5 puntos",45.616862071678
"2047","5 puntos",48.9993879124522
"2048","5 puntos",46.2565986160189
"2049","5 puntos",44.9331093262881
"2050","5 puntos",42.5874501131475
"2051","5 puntos",48.357635114342
"2052","5 puntos",47.2710527461022
"2053","5 puntos",46.1154738627374
"2054","5 puntos",46.1471462212503
"2055","5 puntos",47.685521537438
"2056","5 puntos",44.728426149115
"2057","5 puntos",45.749696271494
"2058","5 puntos",45.1206545736641
"2059","5 puntos",45.1321965139359
"2060","5 puntos",42.8228152077645
"2061","5 puntos",46.4490501284599
"2062","5 puntos",48.063057327643
"2063","5 puntos",47.0317205637693
"2064","5 puntos",46.6161350961775
"2065","5 puntos",43.1359913963825
"2066","5 puntos",44.4029383510351
"2067","5 puntos",43.7300807815045
"2068","5 puntos",45.6485414542258
"2069","5 puntos",42.0539272073656
"2070","5 puntos",46.3494998943061
"2071","5 puntos",45.7393932510167
"2072","5 puntos",44.3253306206316
"2073","5 puntos",43.1630038339645
"2074","5 puntos",43.8815218824893
"2075","5 puntos",44.0318746417761
"2076","5 puntos",43.6044117882848
"2077","5 puntos",45.0568204820156
"2078","5 puntos",45.1161940023303
"2079","5 puntos",42.3968086633831
"2080","5 puntos",46.0698652379215
"2081","5 puntos",48.9563332665712
"2082","5 puntos",49.0925316531211
"2083","5 puntos",49.1896058153361
"2084","5 puntos",43.3728905115277
"2085","5 puntos",43.5735289119184
"2086","5 puntos",48.6813629698008
"2087","5 puntos",48.0177412182093
"2088","5 puntos",45.4574729800224
"2089","5 puntos",49.7691277936101
"2090","5 puntos",49.3463616557419
"2091","5 puntos",44.0580203719437
"2092","5 puntos",43.3171943146735
"2093","5 puntos",48.9826766755432
"2094","5 puntos",47.7502433508635
"2095","5 puntos",45.73268548958
"2096","5 puntos",44.9157915804535
"2097","5 puntos",47.5068359095603
"2098","5 puntos",48.9273694083095
"2099","5 puntos",47.559978172183
"2100","5 puntos",43.0514119733125
"2101","5 puntos",45.4293340351433
"2102","5 puntos",48.875828281045
"2103","5 puntos",47.9443529322743
"2104","5 puntos",42.8383065573871
"2105","5 puntos",44.6544290464371
"2106","5 puntos",45.9819377101958
"2107","5 puntos",42.7353067323565
